任务名称,开始日期,结束日期,工期(天),阶段
基础框架与用户认证,2026-01-01,2026-01-15,15,第一阶段
房源管理模块,2026-01-10,2026-01-25,16,第一阶段
咨询功能模块,2026-01-20,2026-02-05,17,第一阶段
支付功能与邮箱验证,2026-02-01,2026-02-14,14,第二阶段
合同页面与签署流程,2026-02-08,2026-02-22,15,第二阶段
页面优化与国际化,2026-02-15,2026-02-28,14,第二阶段
房东合同与支付确认,2026-02-20,2026-03-05,14,第二阶段
消息删除与撤回,2026-03-01,2026-03-08,8,第三阶段
AI搜索与咨询回复,2026-03-05,2026-03-15,11,第三阶段
预测流程优化,2026-03-08,2026-03-14,7,第三阶段
支付流程实现,2026-03-10,2026-03-18,9,第三阶段
房源对比与问题修复,2026-03-15,2026-03-28,14,第四阶段
性能与安全优化,2026-03-22,2026-04-05,15,第五阶段
最终测试与交付,2026-04-01,2026-04-15,15,第六阶段
